日期,门店名称,门店id,省份,门店所在城市,区县市,营业收入,商品原价,包装费,顾客配送费（跑腿/自配送）,补贴及支出,商家活动支出,公益捐款,其它支出,优惠前总额,顾客实付,有效订单,实付单均价,活动补贴,平台活动补贴,平台服务费(含佣金和配送服务费),顾客实付（不含券）,实付单均价（不含券）,曝光人数,入店人数,入店转化率,下单转化率,曝光新客,入店新客,新客入店转化率,新客下单转化率,曝光老客,入店老客,老客入店转化率,老客下单转化率,曝光次数,入店次数,当日流量类型,7日流量类型,30日流量类型,下单人数,下单新客,下单老客,取消订单,商责取消订单,商责取消率,店铺分,高峰营业时长得分,优质商品率得分,有效活动丰富度得分,商家不接单率得分,差评回复率得分,在线联系回复率得分,商家评分得分,近30日日均高峰营业时长,优质商品率,有效活动丰富度,近30日商家不接单率,近30日差评回复率,近7日日均在线联系回复率,近30日日均商家评分,菜单丰富度得分,装修丰富度得分,服务功能丰富度得分,菜单丰富度,装修丰富度,服务功能丰富度,出餐完成上报率/配送准时率,基础营业时长得分,基础营业时长,出餐完成上报率得分/配送准时率得分,综合体验分,商品质量分,服务体验分,商品满意度,包装满意度,复购率指标得分,复购率,消息回复率指标得分,消息回复率,服务负反馈率指标得分,食品安全负反馈率指标得分,食品安全负反馈率
20260116,雪乡情东北菜（塘朗店）,8583807,广东省,深圳,南山区,5250.90,9157.80,336.00,0.00,4242.90,2369.66,1.68,276.09,9493.80,6819.04,168,40.59,3991.06,1621.40,1595.47,6419.84,38.21,7666,631,0.0823,0.2599,5643,338,0.0599,0.1213,2023,293,0.1448,0.4198,11192,657,高曝高转,高曝高转,高曝高转,164,41,123,4,0,0.0,97,92,97,0,100,100,0,96,6.9,97%,,--,100.0%,0%,4.8,100,100,100,分类数/菜品数/招牌菜,招牌/海报/老板推荐/进店必买,预订单/开发票/放心吃/准时宝,99.00%,98,7.9,100.00,4.8,4.7,4.7,4.8,4.8,4.4,0.2768,4.9,0.9884,4.6,5.0,1.65
20260114,雪乡情大地锅(信和广场店),13991691,广东省,深圳,南山区,2461.37,4563.80,67.00,0.00,2169.43,1277.93,0.00,89.12,4630.80,3187.57,104,30.65,1992.53,714.60,802.38,3187.57,30.65,4280,410,0.0958,0.2512,3337,241,0.0722,0.1245,943,169,0.1792,0.432,8894,583,高曝高转,高曝高转,高曝高转,103,30,73,3,0,0.0,96,90,88,0,100,100,0,94,6.8,88%,,--,100.0%,0%,4.7,100,100,100,分类数/菜品数/招牌菜,招牌/海报/老板推荐/进店必买,预订单/开发票/放心吃/准时宝,98.00%,100,7.4,100.00,4.7,4.6,4.7,4.8,4.8,4.5,0.2946,4.7,0.967,4.8,4.4,16.8
20260112,雪乡情铁锅炖（后海店）,8654929,广东省,深圳,南山区,128.90,303.30,7.00,0.00,181.40,128.08,0.00,11.02,310.30,163.92,7,23.42,173.08,45.00,42.30,163.92,23.42,774,47,0.0607,0.1489,724,41,0.0566,0.1463,50,6,0.12,0.1667,1102,55,低曝低转,低曝低转,低曝低转,7,6,1,0,0,0.0,64,29,95,0,100,0,0,78,2.2,95%,,--,0.0%,0%,3.9,100,100,60,分类数/菜品数/招牌菜,招牌/海报/老板推荐/进店必买,开发票/放心吃/准时宝,78.00%,0,3.5,86.67,3.8,3.9,3.4,3.8,3.8,3.0,0.1011,3.8,0.8,3.1,5.0,0.0
20260117,雪乡情大地锅(信和广场店),13991691,广东省,深圳,南山区,3648.82,6193.20,81.00,0.00,2625.38,1485.45,0.00,91.45,6274.20,4482.85,110,40.75,2338.25,852.80,1048.48,4482.85,40.75,5280,505,0.0956,0.2139,4263,337,0.0791,0.1246,1017,168,0.1652,0.3929,11209,688,高曝高转,高曝高转,高曝高转,108,42,66,4,0,0.0,96,90,88,0,98,100,0,94,6.8,88%,,0.12%,100.0%,0%,4.7,100,100,100,分类数/菜品数/招牌菜,招牌/海报/老板推荐/进店必买,预订单/开发票/放心吃/准时宝,99.00%,100,7.4,100.00,4.7,4.6,4.9,4.8,4.8,4.5,0.2919,4.8,0.977,5.0,4.4,16.94
20260116,雪乡情东北菜馆（梅林店）,19484981,广东省,深圳,福田区,4584.45,7845.90,280.00,0.00,3541.45,2099.06,0.00,143.71,8125.90,5826.94,139,41.92,3236.26,1137.20,1298.68,5654.54,40.68,5437,478,0.0879,0.2741,4174,273,0.0654,0.1648,1263,205,0.1623,0.4195,11719,671,高曝高转,高曝高转,高曝高转,131,45,86,1,0,0.0,94,92,95,0,100,75,0,94,6.9,95%,,--,75.0%,0%,4.7,100,100,100,分类数/菜品数/招牌菜,招牌/海报/老板推荐/热销/进店必买,预订单/开发票/放心吃/准时宝,96.00%,98,7.8,100.00,4.6,4.5,4.8,4.7,4.8,3.7,0.2105,5.0,1.0,4.7,4.9,4.86
20260113,雪乡情东北菜（马家龙店）,10254693,广东省,深圳,南山区,5969.34,10255.60,382.00,0.00,4668.26,2493.62,1.85,423.18,10637.60,8052.18,185,43.53,3954.72,1461.10,1749.61,7810.78,42.22,15901,955,0.0601,0.1885,13167,614,0.0466,0.0945,2734,341,0.1247,0.3578,11404,726,高曝高转,高曝高转,高曝高转,180,58,122,2,0,0.0,97,100,93,0,100,100,0,90,7.5,93%,,--,100.0%,0%,4.5,100,100,100,分类数/菜品数/招牌菜,招牌/海报/老板推荐/进店必买,预订单/开发票/放心吃/准时宝,100.00%,100,8.3,100.00,4.6,4.4,4.8,4.7,4.7,3.8,0.2186,4.7,0.9649,5.0,4.7,9.3
20260116,雪乡情东北菜（车公庙店）,10268419,广东省,深圳,福田区,6246.75,10450.40,397.00,0.00,4600.65,2685.66,1.78,204.01,10847.40,7630.94,178,42.87,3979.56,1293.90,1709.20,7526.94,42.29,7152,652,0.0912,0.2669,5298,378,0.0713,0.1429,1854,274,0.1478,0.438,13862,870,高曝高转,高曝高转,高曝高转,174,54,120,6,0,0.0,96,90,97,0,100,100,0,92,6.8,97%,,--,100.0%,0%,4.6,100,100,100,分类数/菜品数/招牌菜,招牌/海报/老板推荐/进店必买,预订单/开发票/放心吃/准时宝,99.00%,98,7.6,100.00,4.6,4.5,4.7,4.6,4.7,3.8,0.2197,4.5,0.9328,5.0,5.0,3.07
20260114,雪乡情铁锅炖（后海店）,8654929,广东省,深圳,南山区,73.81,181.80,4.00,0.00,111.99,77.41,0.00,7.90,185.80,95.99,4,24.00,111.31,33.90,26.68,95.99,24.00,893,71,0.0795,0.0563,834,61,0.0731,0.0164,59,10,0.1695,0.3,1392,83,低曝低转,低曝低转,低曝低转,4,1,3,0,0,0.0,75,29,95,0,100,100,0,76,2.2,95%,,--,100.0%,0%,3.8,100,100,60,分类数/菜品数/招牌菜,招牌/海报/老板推荐/进店必买,开发票/放心吃/准时宝,91.00%,0,3.5,100.00,3.8,3.9,3.5,3.8,3.8,3.0,0.0851,3.9,0.8333,3.1,5.0,0.0
20260114,雪乡情东北菜馆(壹方天地店),15784451,广东省,深圳,龙华区,4768.82,7672.50,292.00,0.00,3195.68,1637.69,1.25,196.78,7964.50,6223.91,125,49.79,2521.69,884.00,1359.96,6192.91,49.54,5957,592,0.0994,0.2095,4488,350,0.078,0.0971,1469,242,0.1647,0.3719,11270,863,高曝高转,高曝高转,高曝高转,124,34,90,2,0,0.0,94,94,88,0,100,92,0,86,7.1,88%,,--,92.9%,0%,4.3,100,100,100,分类数/菜品数/招牌菜,招牌/海报/老板推荐/热销/进店必买,预订单/开发票/放心吃/准时宝,98.00%,100,7.7,100.00,4.3,4.2,4.5,4.2,4.4,3.8,0.2157,4.9,0.9816,4.1,4.6,11.29
20260117,雪乡情东北菜馆(壹方天地店),15784451,广东省,深圳,龙华区,7481.85,11964.60,408.00,0.00,4890.75,2562.59,1.70,249.40,12372.60,9335.95,170,54.92,4120.09,1557.50,2077.06,9290.75,54.65,8179,806,0.0985,0.1998,6438,506,0.0786,0.0968,1741,300,0.1723,0.3733,15711,1267,高曝高转,高曝高转,高曝高转,161,49,112,7,0,0.0,94,94,88,0,100,93,0,86,7.1,88%,,--,93.1%,0%,4.3,100,100,100,分类数/菜品数/招牌菜,招牌/海报/老板推荐/热销/进店必买,预订单/开发票/放心吃/准时宝,99.00%,100,7.7,100.00,4.3,4.2,4.4,4.1,4.3,3.7,0.212,4.8,0.9809,4.1,4.7,9.83
20260113,雪乡情东北菜（蛇口店）,12367677,广东省,深圳,南山区,6842.20,10991.10,394.00,0.00,4542.90,2214.29,1.78,378.36,11385.10,9111.51,178,51.19,3554.59,1340.30,1948.47,8810.51,49.50,7601,640,0.0842,0.2703,5423,359,0.0662,0.1309,2178,281,0.129,0.4484,10077,755,高曝高转,高曝高转,高曝高转,173,47,126,6,0,0.0,96,90,95,0,100,100,0,92,6.8,95%,,--,100.0%,0%,4.6,100,100,100,分类数/菜品数/招牌菜,招牌/海报/老板推荐/进店必买,预订单/开发票/放心吃/准时宝,99.00%,100,8.3,100.00,4.6,4.4,5.0,4.6,4.7,3.9,0.2303,5.0,0.9949,5.0,4.6,10.8
20260113,雪乡情东北菜（车公庙店）,10268419,广东省,深圳,福田区,5389.29,8884.30,331.00,0.00,3826.01,2176.55,1.56,158.66,9215.30,6664.25,156,42.72,3215.65,1039.10,1489.24,6569.05,42.11,5937,653,0.11,0.2266,4205,352,0.0837,0.1136,1732,301,0.1738,0.3588,12810,919,高曝高转,高曝高转,高曝高转,148,40,108,6,0,0.0,96,90,97,0,100,100,0,92,6.8,97%,,--,100.0%,0%,4.6,100,100,100,分类数/菜品数/招牌菜,招牌/海报/老板推荐/进店必买,预订单/开发票/放心吃/准时宝,98.00%,98,7.6,100.00,4.6,4.5,4.7,4.6,4.7,3.8,0.2174,4.4,0.923,5.0,5.0,1.35
20260116,雪乡情东北菜（马家龙店）,10254693,广东省,深圳,南山区,6112.03,10516.30,376.00,0.00,4780.27,2718.29,1.74,313.02,10892.30,7871.31,174,45.24,4264.19,1545.90,1747.22,7676.11,44.12,9021,735,0.0815,0.2299,6979,450,0.0645,0.1111,2042,285,0.1396,0.4175,13143,848,高曝高转,高曝高转,高曝高转,169,50,119,3,0,0.0,97,100,93,0,100,100,0,90,7.5,93%,,--,100.0%,0%,4.5,100,100,100,分类数/菜品数/招牌菜,招牌/海报/老板推荐/进店必买,预订单/开发票/放心吃/准时宝,100.00%,100,8.3,100.00,4.6,4.5,4.8,4.7,4.7,3.9,0.2232,4.7,0.9593,5.0,4.8,6.89
20260113,雪乡情东北菜馆（梅林店）,19484981,广东省,深圳,福田区,5380.72,8824.30,323.00,0.00,3766.58,1880.03,0.00,349.94,9147.30,7144.77,141,50.67,2849.83,969.80,1536.61,7113.97,50.45,10408,679,0.0652,0.2047,8806,463,0.0526,0.1404,1602,216,0.1348,0.3426,9054,623,高曝高转,高曝高转,高曝高转,139,65,74,3,0,0.0,95,92,95,0,100,87,0,94,6.9,95%,,--,87.5%,0%,4.7,100,100,100,分类数/菜品数/招牌菜,招牌/海报/老板推荐/热销/进店必买,预订单/开发票/放心吃/准时宝,93.00%,98,7.8,100.00,4.6,4.5,4.9,4.7,4.8,3.8,0.2192,5.0,1.0,4.9,4.8,7.27
20260114,雪乡情东北菜（塘朗店）,8583807,广东省,深圳,南山区,5106.86,8990.20,371.00,0.00,4254.34,2303.35,1.81,350.51,9361.20,6876.25,181,37.99,3611.15,1307.80,1598.67,6741.25,37.24,8877,702,0.0791,0.2479,6717,394,0.0587,0.1345,2160,308,0.1426,0.3929,9157,613,高曝高转,高曝高转,高曝高转,174,53,121,5,0,0.0,97,92,97,0,100,100,0,96,6.9,97%,,--,100.0%,0%,4.8,100,100,100,分类数/菜品数/招牌菜,招牌/海报/老板推荐/进店必买,预订单/开发票/放心吃/准时宝,98.00%,98,7.9,100.00,4.7,4.7,4.7,4.8,4.8,4.4,0.278,4.9,0.9883,4.6,4.9,3.29
20260116,雪乡情铁锅炖（后海店）,8654929,广东省,深圳,南山区,98.53,244.60,5.00,0.00,151.07,108.48,0.00,11.97,249.60,115.62,5,23.12,151.48,43.00,30.62,115.62,23.12,1250,65,0.052,0.0769,1184,56,0.0473,0.0536,66,9,0.1364,0.2222,2130,125,低曝低转,低曝低转,低曝低转,5,3,2,0,0,0.0,75,30,95,0,100,100,0,76,2.3,95%,,--,100.0%,0%,3.8,100,100,60,分类数/菜品数/招牌菜,招牌/海报/老板推荐/进店必买,开发票/放心吃/准时宝,97.00%,0,3.6,100.00,3.9,3.9,3.6,3.8,3.8,3.0,0.0967,4.1,0.8571,3.2,5.0,0.0
20260117,雪乡情东北菜（登良店）,517971,广东省,深圳,南山区,8048.94,11806.40,407.00,0.00,4164.46,2047.54,1.53,60.59,12213.40,10212.56,153,66.75,2889.94,842.40,2054.80,10121.36,66.15,5268,598,0.1135,0.2492,3867,372,0.0962,0.1183,1401,226,0.1613,0.4646,9193,835,高曝高转,高曝高转,高曝高转,149,44,105,6,0,0.0,90,90,96,0,99,80,0,94,6.8,96%,,0.09%,80.0%,0%,4.7,100,100,60,分类数/菜品数/招牌菜,招牌/海报/老板推荐/进店必买,开发票/放心吃/准时宝,99.00%,98,8.4,100.00,4.7,4.7,4.7,4.7,4.8,4.2,0.211,4.5,0.9322,5.0,5.0,2.26
20260113,雪乡情东北菜馆（皇庭广场店）,24557822,广东省,深圳,福田区,6188.16,10076.50,381.00,0.00,4269.34,2454.19,0.00,165.89,10457.50,7840.65,175,44.80,3766.39,1312.20,1649.26,7660.45,43.77,6736,616,0.0914,0.2695,5000,372,0.0744,0.164,1736,244,0.1406,0.4303,13890,901,高曝高转,高曝高转,高曝高转,166,61,105,8,0,0.0,96,94,89,0,100,100,0,92,7.1,89%,,--,100.0%,0%,4.6,100,100,100,分类数/菜品数/招牌菜,招牌/海报/老板推荐/热销/进店必买,预订单/开发票/放心吃/准时宝,97.00%,100,7.7,100.00,4.5,4.4,4.9,4.7,4.7,3.6,0.2045,4.9,0.9872,4.9,4.7,9.52
20260118,雪乡情东北菜（登良店）,517971,广东省,深圳,南山区,8890.73,13191.80,448.00,0.00,4749.07,2295.97,1.82,89.44,13639.80,11455.76,182,62.94,3232.67,936.70,2361.84,11371.96,62.48,6718,725,0.1079,0.2483,5036,445,0.0884,0.1079,1682,280,0.1665,0.4714,10951,991,高曝高转,高曝高转,高曝高转,180,48,132,4,0,0.0,91,90,96,0,99,83,0,94,6.8,96%,,0.09%,83.3%,0%,4.7,100,100,60,分类数/菜品数/招牌菜,招牌/海报/老板推荐/进店必买,开发票/放心吃/准时宝,99.00%,98,8.4,100.00,4.7,4.7,4.7,4.8,4.8,4.2,0.2108,4.4,0.923,5.0,5.0,2.26
20260116,雪乡情东北菜（登良店）,517971,广东省,深圳,南山区,5859.14,8800.90,313.00,0.00,3254.76,1566.40,1.19,120.58,9113.90,7520.60,119,63.20,2226.90,660.50,1566.59,7520.60,63.20,4488,482,0.1074,0.2365,3179,283,0.089,0.0954,1309,199,0.152,0.4372,7650,655,高曝高转,高曝高转,高曝高转,114,27,87,5,0,0.0,91,92,96,0,99,81,0,94,6.9,96%,,0.09%,81.8%,0%,4.7,100,100,60,分类数/菜品数/招牌菜,招牌/海报/老板推荐/进店必买,开发票/放心吃/准时宝,98.00%,98,8.4,100.00,4.7,4.7,4.7,4.7,4.8,4.2,0.2091,4.5,0.9333,5.0,5.0,2.26
20260118,雪乡情东北菜（塘朗店）,8583807,广东省,深圳,南山区,7205.16,12277.20,413.00,0.00,5485.04,3147.25,1.94,240.06,12690.20,9240.66,194,47.63,4926.64,1779.39,2095.79,8907.06,45.91,5231,542,0.1036,0.3339,3853,286,0.0742,0.1748,1378,256,0.1858,0.5117,11844,812,高曝高转,高曝高转,高曝高转,181,50,131,5,0,0.0,97,92,97,0,100,100,0,96,6.9,97%,,--,100.0%,0%,4.8,100,100,100,分类数/菜品数/招牌菜,招牌/海报/老板推荐/进店必买,预订单/开发票/放心吃/准时宝,99.00%,98,7.9,100.00,4.8,4.7,4.7,4.8,4.8,4.4,0.2732,4.9,0.988,4.6,5.0,1.66
20260115,雪乡情东北菜馆（皇庭广场店）,24557822,广东省,深圳,福田区,5540.06,9284.30,348.00,0.00,4092.24,2429.40,0.00,126.33,9632.30,6950.20,164,42.38,3702.20,1272.80,1536.51,6811.20,41.53,7423,684,0.0921,0.2354,5622,421,0.0749,0.1639,1801,263,0.146,0.3498,14803,929,高曝高转,高曝高转,高曝高转,161,69,92,5,0,0.0,96,94,89,0,100,100,0,92,7.1,89%,,--,100.0%,0%,4.6,100,100,100,分类数/菜品数/招牌菜,招牌/海报/老板推荐/热销/进店必买,预订单/开发票/放心吃/准时宝,97.00%,100,7.7,100.00,4.6,4.4,4.9,4.7,4.7,3.7,0.2066,5.0,0.9914,4.8,4.7,9.56
20260118,雪乡情东北菜馆（皇庭广场店）,24557822,广东省,深圳,福田区,6742.36,10846.00,377.00,0.00,4480.64,2516.22,0.00,118.29,11223.00,8446.00,162,52.14,3817.72,1301.50,1846.13,8384.40,51.76,6961,652,0.0937,0.2362,5387,434,0.0806,0.1682,1574,218,0.1385,0.3716,14729,1004,高曝高转,高曝高转,高曝高转,154,73,81,5,0,0.0,96,94,89,0,100,100,0,92,7.1,89%,,--,100.0%,0%,4.6,100,100,100,分类数/菜品数/招牌菜,招牌/海报/老板推荐/热销/进店必买,预订单/开发票/放心吃/准时宝,98.00%,100,7.7,100.00,4.5,4.4,4.8,4.7,4.7,3.7,0.2055,5.0,0.9912,4.6,4.7,8.02
20260118,雪乡情东北菜馆(壹方天地店),15784451,广东省,深圳,龙华区,6617.56,11218.00,380.00,0.00,4980.44,2848.68,1.80,212.26,11598.00,8407.02,180,46.71,4423.78,1575.10,1917.70,8303.32,46.13,7064,788,0.1116,0.2195,5389,501,0.093,0.1238,1675,287,0.1713,0.3868,15127,1153,高曝高转,高曝高转,高曝高转,173,62,111,3,1,0.0054,94,94,88,0,99,96,0,86,7.1,88%,,0.10%,96.4%,0%,4.3,100,100,100,分类数/菜品数/招牌菜,招牌/海报/老板推荐/热销/进店必买,预订单/开发票/放心吃/准时宝,98.00%,100,7.7,100.00,4.3,4.2,4.5,4.1,4.3,3.7,0.2066,4.9,0.9809,4.1,4.7,9.89
20260118,雪乡情东北菜（蛇口店）,12367677,广东省,深圳,南山区,7901.94,12381.10,409.00,12.00,4900.16,2705.03,1.86,120.97,12802.10,9608.97,186,51.66,4214.33,1509.30,2072.30,9563.77,51.42,6544,710,0.1085,0.2465,4727,434,0.0918,0.1336,1817,276,0.1519,0.4239,14960,1069,高曝高转,高曝高转,高曝高转,175,58,117,3,0,0.0,96,90,95,0,100,100,0,92,6.8,95%,,--,100.0%,0%,4.6,100,100,100,分类数/菜品数/招牌菜,招牌/海报/老板推荐/进店必买,预订单/开发票/放心吃/准时宝,99.00%,98,8.3,100.00,4.5,4.4,4.9,4.5,4.7,3.9,0.2277,5.0,0.9948,4.9,4.6,11.11
20260117,雪乡情东北菜（马家龙店）,10254693,广东省,深圳,南山区,9686.92,14984.40,519.00,0.00,5816.48,3044.09,2.09,149.85,15503.40,11987.71,209,57.36,4996.09,1952.00,2620.45,11768.31,56.31,7418,716,0.0965,0.2849,5572,421,0.0756,0.1401,1846,295,0.1598,0.4915,16218,1057,高曝高转,高曝高转,高曝高转,204,59,145,3,0,0.0,97,100,93,0,100,100,0,90,7.5,93%,,--,100.0%,0%,4.5,100,100,100,分类数/菜品数/招牌菜,招牌/海报/老板推荐/进店必买,预订单/开发票/放心吃/准时宝,100.00%,100,8.3,100.00,4.6,4.4,4.8,4.7,4.7,3.8,0.2209,4.7,0.9585,5.0,4.7,8.47
20260116,雪乡情大地锅(信和广场店),13991691,广东省,深圳,南山区,2875.81,5231.30,49.00,0.00,2404.49,1419.95,0.00,96.09,5280.30,3614.04,109,33.16,2240.25,820.30,888.45,3614.04,33.16,4604,408,0.0886,0.2623,3633,242,0.0666,0.1736,971,166,0.171,0.3916,9425,558,高曝高转,高曝高转,高曝高转,107,42,65,4,1,0.0088,96,90,88,0,98,100,0,94,6.8,88%,,0.12%,100.0%,0%,4.7,100,100,100,分类数/菜品数/招牌菜,招牌/海报/老板推荐/进店必买,预订单/开发票/放心吃/准时宝,99.00%,100,7.4,100.00,4.7,4.6,4.8,4.8,4.8,4.5,0.2964,4.7,0.9655,5.0,4.4,16.9
20260115,雪乡情东北菜（登良店）,517971,广东省,深圳,南山区,5993.86,8778.40,322.00,0.00,3106.54,1375.20,1.35,99.34,9100.40,8002.90,135,59.28,1947.40,572.20,1630.65,7891.30,58.45,3756,445,0.1185,0.2944,2524,236,0.0935,0.1314,1232,209,0.1696,0.4785,7030,562,高曝高转,高曝高转,高曝高转,131,31,100,3,1,0.0072,91,92,96,0,99,81,0,94,6.9,96%,,0.09%,81.8%,0%,4.7,100,100,60,分类数/菜品数/招牌菜,招牌/海报/老板推荐/进店必买,开发票/放心吃/准时宝,99.00%,98,8.4,100.00,4.7,4.6,4.7,4.8,4.8,4.2,0.2053,4.5,0.9333,5.0,4.9,4.06
20260113,雪乡情东北菜（登良店）,517971,广东省,深圳,南山区,7640.02,11471.10,420.00,0.00,4251.08,1743.89,1.62,414.54,11891.10,10496.21,162,64.79,2312.79,568.90,2091.03,10440.41,64.45,11780,903,0.0767,0.1772,9231,574,0.0622,0.0976,2549,329,0.1291,0.3161,6132,475,高曝低转,高曝高转,高曝高转,160,56,104,3,0,0.0,92,92,96,0,100,90,0,94,6.9,96%,,--,90.9%,0%,4.7,100,100,60,分类数/菜品数/招牌菜,招牌/海报/老板推荐/进店必买,开发票/放心吃/准时宝,98.00%,98,8.4,100.00,4.7,4.7,4.8,4.7,4.8,4.3,0.2171,4.6,0.944,5.0,4.9,4.12
20260117,雪乡情东北菜馆（梅林店）,19484981,广东省,深圳,福田区,6649.52,10764.00,364.00,0.00,4478.48,2482.33,0.00,187.90,11128.00,8341.27,160,52.13,3831.43,1349.10,1808.25,8221.07,51.38,6931,620,0.0895,0.25,5624,411,0.0731,0.1946,1307,209,0.1599,0.3589,13634,869,高曝高转,高曝高转,高曝高转,155,80,75,2,0,0.0,94,92,95,0,100,75,0,94,6.9,95%,,--,75.0%,0%,4.7,100,100,100,分类数/菜品数/招牌菜,招牌/海报/老板推荐/热销/进店必买,预订单/开发票/放心吃/准时宝,95.00%,98,7.8,100.00,4.6,4.5,4.8,4.7,4.8,3.7,0.2089,5.0,1.0,4.7,4.9,4.85
20260112,雪乡情东北菜（马家龙店）,10254693,广东省,深圳,南山区,6023.89,9792.00,370.00,0.00,4138.11,2329.99,1.67,118.97,10162.00,7916.81,167,47.41,3517.59,1187.60,1687.48,7680.01,45.99,5601,523,0.0934,0.3098,3925,276,0.0703,0.1594,1676,247,0.1474,0.4777,11363,700,高曝高转,高曝高转,高曝高转,162,44,118,4,0,0.0,97,100,93,0,100,100,0,90,7.5,93%,,--,100.0%,0%,4.5,100,100,100,分类数/菜品数/招牌菜,招牌/海报/老板推荐/进店必买,预订单/开发票/放心吃/准时宝,100.00%,100,8.3,100.00,4.6,4.5,4.8,4.7,4.7,3.9,0.2222,4.7,0.9636,5.0,4.7,8.16
20260114,雪乡情东北菜（蛇口店）,12367677,广东省,深圳,南山区,7292.89,12113.50,426.00,0.00,5246.61,2640.93,2.01,471.05,12539.50,9668.87,201,48.10,4221.03,1580.10,2132.62,9412.47,46.83,9517,690,0.0725,0.2884,7130,398,0.0558,0.1482,2387,292,0.1223,0.4795,10370,709,高曝高转,高曝高转,高曝高转,199,59,140,7,0,0.0,96,90,95,0,100,100,0,92,6.8,95%,,--,100.0%,0%,4.6,100,100,100,分类数/菜品数/招牌菜,招牌/海报/老板推荐/进店必买,预订单/开发票/放心吃/准时宝,99.00%,100,8.3,100.00,4.6,4.4,5.0,4.6,4.7,3.9,0.2282,5.0,0.9946,5.0,4.6,10.82
20260112,雪乡情东北菜（塘朗店）,8583807,广东省,深圳,南山区,6809.21,11833.20,465.00,0.00,5488.99,2937.45,2.09,423.62,12298.20,9374.05,209,44.85,4332.05,1394.60,2125.83,9165.65,43.85,8113,695,0.0857,0.2935,5973,364,0.0609,0.1291,2140,331,0.1547,0.4743,9627,696,高曝高转,高曝高转,高曝高转,204,47,157,3,0,0.0,97,92,97,0,100,100,0,96,6.9,97%,,--,100.0%,0%,4.8,100,100,100,分类数/菜品数/招牌菜,招牌/海报/老板推荐/进店必买,预订单/开发票/放心吃/准时宝,98.00%,98,7.9,100.00,4.8,4.7,4.8,4.8,4.8,4.4,0.2792,4.9,0.9883,4.7,4.9,3.25
20260113,雪乡情东北菜馆(壹方天地店),15784451,广东省,深圳,龙华区,5017.21,8182.30,308.00,0.00,3473.09,1866.29,1.38,166.89,8490.30,6544.67,138,47.43,2787.29,921.00,1438.53,6513.67,47.20,5578,585,0.1049,0.2274,4098,344,0.0839,0.1221,1480,241,0.1628,0.3776,11105,818,高曝高转,高曝高转,高曝高转,133,42,91,4,0,0.0,94,94,88,0,100,92,0,86,7.1,88%,,--,92.9%,0%,4.3,100,100,100,分类数/菜品数/招牌菜,招牌/海报/老板推荐/热销/进店必买,预订单/开发票/放心吃/准时宝,99.00%,100,7.7,100.00,4.3,4.2,4.5,4.2,4.4,3.8,0.2156,4.9,0.9818,4.1,4.5,13.06
20260114,雪乡情东北菜（车公庙店）,10268419,广东省,深圳,福田区,5683.89,9286.20,372.00,0.00,3974.31,2143.39,1.65,272.90,9658.20,7160.91,165,43.40,3171.09,1027.70,1556.37,7132.91,43.23,7679,676,0.088,0.2352,5781,395,0.0683,0.1241,1898,281,0.1481,0.3915,12903,869,高曝高转,高曝高转,高曝高转,159,49,110,2,0,0.0,96,90,97,0,100,100,0,92,6.8,97%,,--,100.0%,0%,4.6,100,100,100,分类数/菜品数/招牌菜,招牌/海报/老板推荐/进店必买,预订单/开发票/放心吃/准时宝,98.00%,98,7.6,100.00,4.5,4.5,4.7,4.5,4.7,3.8,0.2182,4.4,0.923,5.0,5.0,1.35
20260114,雪乡情东北菜馆（皇庭广场店）,24557822,广东省,深圳,福田区,6209.42,10100.70,374.00,0.00,4265.28,2334.32,0.00,166.82,10474.70,7938.00,177,44.85,3714.02,1379.70,1764.14,7712.60,43.57,6825,685,0.1004,0.2482,5094,430,0.0844,0.1744,1731,255,0.1473,0.3725,14171,1022,高曝高转,高曝高转,高曝高转,170,75,95,3,0,0.0,96,94,89,0,100,100,0,92,7.1,89%,,--,100.0%,0%,4.6,100,100,100,分类数/菜品数/招牌菜,招牌/海报/老板推荐/热销/进店必买,预订单/开发票/放心吃/准时宝,97.00%,100,7.7,100.00,4.5,4.4,4.8,4.7,4.7,3.6,0.2051,4.9,0.9872,4.8,4.7,9.57
20260118,雪乡情东北菜（马家龙店）,10254693,广东省,深圳,南山区,8305.04,13452.40,481.00,0.00,5628.36,2987.14,2.02,318.22,13933.40,10620.36,202,52.58,4680.24,1693.10,2320.98,10496.16,51.96,11040,884,0.0801,0.2217,8862,587,0.0662,0.1329,2178,297,0.1364,0.3973,16000,1018,高曝高转,高曝高转,高曝高转,196,78,118,6,0,0.0,97,100,93,0,100,100,0,90,7.5,93%,,--,100.0%,0%,4.5,100,100,100,分类数/菜品数/招牌菜,招牌/海报/老板推荐/进店必买,预订单/开发票/放心吃/准时宝,100.00%,100,8.3,100.00,4.6,4.4,4.8,4.7,4.7,3.8,0.2195,4.7,0.9578,5.0,4.7,8.57
20260115,雪乡情东北菜（塘朗店）,8583807,广东省,深圳,南山区,5792.94,9761.40,383.00,0.00,4351.46,2395.04,1.80,214.31,10144.40,7635.26,180,42.42,3807.24,1412.20,1740.31,7409.86,41.17,7676,599,0.078,0.2955,5715,295,0.0516,0.1085,1961,304,0.155,0.477,9333,598,高曝高转,高曝高转,高曝高转,177,32,145,1,0,0.0,97,92,97,0,100,100,0,96,6.9,97%,,--,100.0%,0%,4.8,100,100,100,分类数/菜品数/招牌菜,招牌/海报/老板推荐/进店必买,预订单/开发票/放心吃/准时宝,98.00%,98,7.9,100.00,4.7,4.7,4.7,4.8,4.8,4.4,0.2768,4.9,0.9883,4.6,4.9,3.29
20260117,雪乡情东北菜馆（皇庭广场店）,24557822,广东省,深圳,福田区,7259.47,11612.00,399.00,0.00,4751.53,2609.95,0.00,171.10,12011.00,8908.25,169,52.71,4265.65,1655.70,1970.48,8751.45,51.78,6654,612,0.092,0.2598,5172,405,0.0783,0.1753,1482,207,0.1397,0.4251,14410,983,高曝高转,高曝高转,高曝高转,159,71,88,9,0,0.0,96,94,89,0,100,100,0,92,7.1,89%,,--,100.0%,0%,4.6,100,100,100,分类数/菜品数/招牌菜,招牌/海报/老板推荐/热销/进店必买,预订单/开发票/放心吃/准时宝,98.00%,100,7.7,100.00,4.5,4.4,4.8,4.7,4.7,3.7,0.2046,5.0,0.9914,4.6,4.7,8.0
20260113,雪乡情东北菜（塘朗店）,8583807,广东省,深圳,南山区,4888.15,8404.90,330.00,0.00,3846.75,2046.16,1.65,259.73,8734.90,6665.14,165,40.39,3239.06,1192.90,1539.21,6467.74,39.20,8183,730,0.0892,0.2137,6017,387,0.0643,0.1008,2166,343,0.1584,0.3411,9931,705,高曝高转,高曝高转,高曝高转,156,39,117,3,0,0.0,97,92,97,0,100,100,0,96,6.9,97%,,--,100.0%,0%,4.8,100,100,100,分类数/菜品数/招牌菜,招牌/海报/老板推荐/进店必买,预订单/开发票/放心吃/准时宝,98.00%,98,7.9,100.00,4.7,4.7,4.7,4.8,4.8,4.4,0.2756,4.9,0.9883,4.6,4.9,3.28
20260113,雪乡情铁锅炖（后海店）,8654929,广东省,深圳,南山区,115.68,281.90,6.00,0.00,172.22,120.69,0.00,14.88,287.90,154.51,6,25.75,154.79,34.10,36.65,154.51,25.75,759,67,0.0883,0.0896,714,58,0.0812,0.0862,45,9,0.2,0.1111,1109,73,低曝低转,低曝低转,低曝低转,6,5,1,0,0,0.0,74,29,95,0,100,100,0,76,2.2,95%,,--,100.0%,0%,3.8,100,100,60,分类数/菜品数/招牌菜,招牌/海报/老板推荐/进店必买,开发票/放心吃/准时宝,86.00%,0,3.5,95.56,3.8,3.9,3.5,3.8,3.8,3.0,0.1,3.9,0.8333,3.1,5.0,0.0
20260117,雪乡情东北菜（蛇口店）,12367677,广东省,深圳,南山区,8759.59,13866.70,433.00,0.00,5540.11,2677.45,2.02,417.43,14299.70,11186.05,202,55.38,4606.25,1928.80,2443.21,10784.25,53.39,11249,842,0.0749,0.2328,8646,538,0.0622,0.1245,2603,304,0.1168,0.4243,13877,910,高曝高转,高曝高转,高曝高转,196,67,129,8,0,0.0,96,90,95,0,100,100,0,92,6.8,95%,,--,100.0%,0%,4.6,100,100,100,分类数/菜品数/招牌菜,招牌/海报/老板推荐/进店必买,预订单/开发票/放心吃/准时宝,99.00%,98,8.3,100.00,4.6,4.4,5.0,4.6,4.7,3.9,0.2287,5.0,0.9948,5.0,4.6,11.09
20260115,雪乡情铁锅炖（后海店）,8654929,广东省,深圳,南山区,110.24,250.40,5.00,0.00,145.16,101.04,0.00,9.72,255.40,139.36,6,23.23,133.54,32.50,34.40,139.36,23.23,945,58,0.0614,0.0862,882,49,0.0556,0.0408,63,9,0.1429,0.3333,1649,67,低曝低转,低曝低转,低曝低转,5,2,3,0,0,0.0,75,29,95,0,100,100,0,76,2.2,95%,,--,100.0%,0%,3.8,100,100,60,分类数/菜品数/招牌菜,招牌/海报/老板推荐/进店必买,开发票/放心吃/准时宝,92.00%,0,3.6,100.00,3.8,3.9,3.6,3.8,3.8,3.0,0.0808,4.1,0.8571,3.1,5.0,0.0
20260112,雪乡情东北菜馆（梅林店）,19484981,广东省,深圳,福田区,5306.51,9002.10,333.00,0.00,4028.59,2216.23,0.00,243.90,9335.10,7149.05,148,48.30,3082.43,866.20,1568.46,7149.05,48.30,9716,706,0.0727,0.204,8135,481,0.0591,0.131,1581,225,0.1423,0.36,8687,647,高曝高转,高曝高转,高曝高转,144,63,81,3,0,0.0,95,92,95,0,100,87,0,94,6.9,95%,,--,87.5%,0%,4.7,100,100,100,分类数/菜品数/招牌菜,招牌/海报/老板推荐/热销/进店必买,预订单/开发票/放心吃/准时宝,93.00%,98,7.8,100.00,4.6,4.5,4.9,4.7,4.8,3.9,0.2234,5.0,1.0,4.9,4.8,7.35
20260112,雪乡情大地锅(信和广场店),13991691,广东省,深圳,南山区,2574.55,4980.30,59.00,0.00,2464.75,1513.69,0.00,93.13,5039.30,3452.21,113,30.55,2177.69,664.00,857.93,3452.21,30.55,4289,451,0.1052,0.2439,3361,276,0.0821,0.1304,928,175,0.1886,0.4229,9034,610,高曝高转,高曝高转,高曝高转,110,36,74,5,0,0.0,96,89,88,0,100,100,0,94,6.7,88%,,--,100.0%,0%,4.7,100,100,100,分类数/菜品数/招牌菜,招牌/海报/老板推荐/进店必买,预订单/开发票/放心吃/准时宝,99.00%,100,7.4,100.00,4.7,4.6,4.8,4.8,4.8,4.5,0.292,4.7,0.9655,5.0,4.3,17.16
20260117,雪乡情铁锅炖（后海店）,8654929,广东省,深圳,南山区,254.97,459.80,7.00,0.00,211.83,129.35,0.00,10.05,466.80,299.85,7,42.84,194.25,64.90,72.43,299.85,42.84,600,47,0.0783,0.1489,569,37,0.065,0.0541,31,10,0.3226,0.5,1027,74,低曝低转,低曝低转,低曝低转,7,2,5,0,0,0.0,75,29,95,0,100,100,0,76,2.2,95%,,--,100.0%,0%,3.8,100,100,60,分类数/菜品数/招牌菜,招牌/海报/老板推荐/进店必买,开发票/放心吃/准时宝,95.00%,0,3.5,100.00,3.9,3.9,3.6,3.8,3.8,3.1,0.1098,4.1,0.8571,3.2,5.0,0.0
20260118,雪乡情东北菜馆（梅林店）,19484981,广东省,深圳,福田区,6242.44,10169.10,335.00,0.00,4261.66,2378.27,0.00,148.71,10504.10,7891.63,153,51.58,3645.07,1266.80,1734.68,7778.43,50.84,6511,617,0.0948,0.2366,5078,410,0.0807,0.1512,1433,207,0.1445,0.4058,13856,886,高曝高转,高曝高转,高曝高转,146,62,84,4,0,0.0,94,92,95,0,100,75,0,94,6.9,95%,,--,75.0%,0%,4.7,100,100,100,分类数/菜品数/招牌菜,招牌/海报/老板推荐/热销/进店必买,预订单/开发票/放心吃/准时宝,96.00%,98,7.8,100.00,4.6,4.5,4.8,4.7,4.8,3.8,0.2119,5.0,1.0,4.7,4.9,4.84
20260118,雪乡情东北菜（车公庙店）,10268419,广东省,深圳,福田区,7694.19,12325.70,433.00,0.00,5064.51,2771.67,1.85,225.09,12758.70,9496.13,185,51.33,4174.07,1402.40,2065.90,9338.73,50.48,6740,687,0.1019,0.2591,5034,429,0.0852,0.1678,1706,258,0.1512,0.4109,15264,1006,高曝高转,高曝高转,高曝高转,178,72,106,4,0,0.0,96,90,97,0,100,100,0,92,6.8,97%,,--,100.0%,0%,4.6,100,100,100,分类数/菜品数/招牌菜,招牌/海报/老板推荐/进店必买,预订单/开发票/放心吃/准时宝,98.00%,100,7.7,100.00,4.6,4.5,4.7,4.6,4.7,3.8,0.2194,4.5,0.937,5.0,5.0,3.07
20260112,雪乡情东北菜（车公庙店）,10268419,广东省,深圳,福田区,6442.52,10697.00,389.00,0.00,4643.48,2549.37,1.69,313.61,11086.00,8219.23,169,48.63,3510.07,960.70,1778.81,8219.23,48.63,12540,895,0.0714,0.1844,10034,553,0.0551,0.0814,2506,342,0.1365,0.3509,12238,861,高曝高转,高曝高转,高曝高转,165,45,120,2,0,0.0,93,90,97,0,100,66,0,92,6.8,97%,,--,66.7%,0%,4.6,100,100,100,分类数/菜品数/招牌菜,招牌/海报/老板推荐/进店必买,预订单/开发票/放心吃/准时宝,98.00%,98,7.6,100.00,4.6,4.5,4.7,4.6,4.7,3.8,0.2214,4.4,0.9212,5.0,5.0,1.35
20260114,雪乡情东北菜（马家龙店）,10254693,广东省,深圳,南山区,4430.87,7703.50,287.00,0.00,3559.63,2000.89,1.50,209.23,7990.50,5867.81,150,39.12,3254.89,1254.00,1348.01,5652.61,37.68,6069,508,0.0837,0.2894,4404,263,0.0597,0.1369,1665,245,0.1471,0.4531,12642,741,高曝高转,高曝高转,高曝高转,147,36,111,3,0,0.0,97,100,93,0,100,100,0,90,7.5,93%,,--,100.0%,0%,4.5,100,100,100,分类数/菜品数/招牌菜,招牌/海报/老板推荐/进店必买,预订单/开发票/放心吃/准时宝,100.00%,100,8.3,100.00,4.6,4.5,4.8,4.7,4.7,3.8,0.2181,4.7,0.9588,5.0,4.8,6.7
20260118,雪乡情大地锅(信和广场店),13991691,广东省,深圳,南山区,3810.46,6851.70,87.00,0.00,3128.24,1868.93,0.00,101.09,6938.70,4708.27,135,34.88,2926.03,1057.10,1158.22,4708.27,34.88,4995,462,0.0925,0.29,3989,286,0.0717,0.1573,1006,176,0.175,0.5057,10830,715,高曝高转,高曝高转,高曝高转,134,45,89,3,1,0.0072,95,90,88,0,97,100,0,94,6.8,88%,,0.25%,100.0%,0%,4.7,100,100,100,分类数/菜品数/招牌菜,招牌/海报/老板推荐/进店必买,预订单/开发票/放心吃/准时宝,99.00%,100,7.4,100.00,4.7,4.6,4.9,4.8,4.8,4.4,0.2849,4.8,0.9772,5.0,4.4,17.07
20260115,雪乡情大地锅(信和广场店),13991691,广东省,深圳,南山区,2154.56,4133.90,55.00,0.00,2034.34,1244.89,0.00,87.61,4188.90,2749.61,100,27.50,1943.79,698.90,701.84,2749.61,27.50,4084,401,0.0982,0.2469,3137,213,0.0679,0.1455,947,188,0.1985,0.3617,8589,559,高曝高转,高曝高转,高曝高转,99,31,68,0,0,0.0,96,90,88,0,100,100,0,94,6.8,88%,,--,100.0%,0%,4.7,100,100,100,分类数/菜品数/招牌菜,招牌/海报/老板推荐/进店必买,预订单/开发票/放心吃/准时宝,99.00%,100,7.4,100.00,4.7,4.6,4.7,4.8,4.8,4.5,0.2949,4.7,0.9659,4.8,4.4,16.9
20260117,雪乡情东北菜（塘朗店）,8583807,广东省,深圳,南山区,8572.64,13885.40,510.00,0.00,5822.76,3138.32,2.08,213.56,14395.40,10826.08,208,52.05,5113.12,1974.80,2468.80,10594.88,50.94,8193,661,0.0807,0.2965,6369,385,0.0604,0.1688,1824,276,0.1513,0.4746,11432,771,高曝高转,高曝高转,高曝高转,196,65,131,7,0,0.0,97,92,97,0,100,100,0,96,6.9,97%,,--,100.0%,0%,4.8,100,100,100,分类数/菜品数/招牌菜,招牌/海报/老板推荐/进店必买,预订单/开发票/放心吃/准时宝,99.00%,98,7.9,100.00,4.8,4.7,4.7,4.8,4.8,4.4,0.2751,4.9,0.9883,4.6,5.0,1.65
20260115,雪乡情东北菜馆（梅林店）,19484981,广东省,深圳,福田区,5487.33,9002.50,312.00,0.00,3827.17,2124.64,0.00,183.63,9314.50,7090.24,146,48.56,3235.24,1110.60,1518.90,6982.04,47.82,6866,552,0.0804,0.2609,5484,345,0.0629,0.1855,1382,207,0.1498,0.3865,10068,647,高曝高转,高曝高转,高曝高转,144,64,80,1,0,0.0,95,92,95,0,100,87,0,94,6.9,95%,,--,87.5%,0%,4.7,100,100,100,分类数/菜品数/招牌菜,招牌/海报/老板推荐/热销/进店必买,预订单/开发票/放心吃/准时宝,95.00%,98,7.8,100.00,4.6,4.5,4.8,4.7,4.8,3.8,0.2157,5.0,1.0,4.7,4.9,4.85
20260115,雪乡情东北菜（车公庙店）,10268419,广东省,深圳,福田区,6961.25,10787.00,405.00,0.00,4230.75,2309.17,1.70,90.50,11192.00,8511.43,170,50.07,3479.77,1170.60,1829.38,8368.03,49.22,6701,642,0.0958,0.2586,4835,357,0.0738,0.1289,1866,285,0.1527,0.4211,12150,828,高曝高转,高曝高转,高曝高转,166,46,120,3,0,0.0,96,90,97,0,100,100,0,92,6.8,97%,,--,100.0%,0%,4.6,100,100,100,分类数/菜品数/招牌菜,招牌/海报/老板推荐/进店必买,预订单/开发票/放心吃/准时宝,98.00%,98,7.6,100.00,4.6,4.5,4.7,4.6,4.7,3.8,0.2204,4.5,0.9312,5.0,5.0,3.06
20260115,雪乡情东北菜馆(壹方天地店),15784451,广东省,深圳,龙华区,4303.83,7131.80,258.00,0.00,3085.97,1649.91,1.14,165.09,7389.80,5696.25,114,49.97,2477.81,827.90,1269.83,5696.25,49.97,5356,548,0.1023,0.2007,3923,336,0.0856,0.1161,1433,212,0.1479,0.3349,10106,752,高曝高转,高曝高转,高曝高转,110,39,71,4,0,0.0,94,94,88,0,100,92,0,86,7.1,88%,,--,92.9%,0%,4.3,100,100,100,分类数/菜品数/招牌菜,招牌/海报/老板推荐/热销/进店必买,预订单/开发票/放心吃/准时宝,98.00%,100,7.7,100.00,4.3,4.2,4.4,4.2,4.4,3.8,0.2149,4.8,0.981,4.1,4.6,11.45
20260112,雪乡情东北菜馆(壹方天地店),15784451,广东省,深圳,龙华区,5307.29,8561.10,310.00,0.00,3563.81,1886.97,1.25,175.09,8871.10,7033.75,125,56.27,2719.27,832.30,1500.50,6988.55,55.91,5248,561,0.1069,0.2175,3761,308,0.0819,0.1201,1487,253,0.1701,0.336,10383,805,高曝高转,高曝高转,高曝高转,122,37,85,4,0,0.0,94,94,88,0,100,92,0,86,7.1,88%,,--,92.9%,0%,4.3,100,100,100,分类数/菜品数/招牌菜,招牌/海报/老板推荐/热销/进店必买,预订单/开发票/放心吃/准时宝,99.00%,100,7.7,100.00,4.3,4.2,4.3,4.2,4.4,3.8,0.2158,4.8,0.9784,3.9,4.6,11.35
20260115,雪乡情东北菜（蛇口店）,12367677,广东省,深圳,南山区,6484.48,10334.10,358.00,0.00,4207.62,2218.13,1.65,168.09,10692.10,8258.15,165,50.05,3371.73,1153.60,1819.75,8213.15,49.78,9054,628,0.0694,0.2532,6730,359,0.0533,0.1114,2324,269,0.1157,0.4424,10118,627,高曝高转,高曝高转,高曝高转,159,40,119,3,0,0.0,96,90,95,0,100,100,0,92,6.8,95%,,--,100.0%,0%,4.6,100,100,100,分类数/菜品数/招牌菜,招牌/海报/老板推荐/进店必买,预订单/开发票/放心吃/准时宝,99.00%,100,8.3,100.00,4.6,4.4,5.0,4.6,4.7,3.9,0.2279,5.0,0.9945,5.0,4.6,11.0
20260112,雪乡情东北菜（蛇口店）,12367677,广东省,深圳,南山区,6912.64,11302.60,389.00,0.00,4778.96,2447.04,1.76,373.90,11691.60,9315.66,176,52.93,3662.14,1215.10,1956.26,9045.66,51.40,7241,622,0.0859,0.2749,5081,321,0.0632,0.1308,2160,301,0.1394,0.4286,9808,744,高曝高转,高曝高转,高曝高转,171,42,129,4,0,0.0,96,90,95,0,100,100,0,92,6.8,95%,,--,100.0%,0%,4.6,100,100,100,分类数/菜品数/招牌菜,招牌/海报/老板推荐/进店必买,预订单/开发票/放心吃/准时宝,99.00%,98,8.3,100.00,4.6,4.4,5.0,4.6,4.7,4.0,0.2333,5.0,0.9949,5.0,4.6,12.18
20260114,雪乡情东北菜馆（梅林店）,19484981,广东省,深圳,福田区,4271.75,7201.90,265.00,0.00,3195.15,1790.17,0.00,192.13,7466.90,5536.93,127,43.60,2754.87,964.70,1212.85,5434.93,42.79,8057,566,0.0702,0.2155,6679,388,0.0581,0.1392,1378,178,0.1292,0.382,9686,609,高曝高转,高曝高转,高曝高转,122,54,68,2,0,0.0,95,92,95,0,100,87,0,94,6.9,95%,,--,87.5%,0%,4.7,100,100,100,分类数/菜品数/招牌菜,招牌/海报/老板推荐/热销/进店必买,预订单/开发票/放心吃/准时宝,94.00%,98,7.8,100.00,4.6,4.5,4.8,4.7,4.8,3.8,0.2175,5.0,1.0,4.7,4.9,4.83
20260113,雪乡情大地锅(信和广场店),13991691,广东省,深圳,南山区,3005.55,5452.40,77.00,0.00,2523.85,1483.36,0.00,95.75,5529.40,3870.14,121,31.98,2263.76,780.40,944.74,3870.14,31.98,4482,451,0.1006,0.2661,3561,271,0.0761,0.1476,921,180,0.1954,0.4444,9336,626,高曝高转,高曝高转,高曝高转,120,40,80,3,0,0.0,96,89,88,0,100,100,0,94,6.7,88%,,--,100.0%,0%,4.7,100,100,100,分类数/菜品数/招牌菜,招牌/海报/老板推荐/进店必买,预订单/开发票/放心吃/准时宝,99.00%,100,7.4,100.00,4.7,4.6,4.7,4.8,4.8,4.5,0.289,4.7,0.9662,4.8,4.4,16.91
20260112,雪乡情东北菜馆（皇庭广场店）,24557822,广东省,深圳,福田区,5641.00,10016.40,366.00,0.00,4741.40,2950.70,0.00,169.53,10382.40,7271.80,186,39.10,4360.90,1410.20,1621.17,6985.20,37.55,6450,657,0.1019,0.2694,4712,384,0.0815,0.1589,1738,273,0.1571,0.4249,13229,961,高曝高转,高曝高转,高曝高转,177,61,116,3,0,0.0,96,94,89,0,100,100,0,92,7.1,89%,,--,100.0%,0%,4.6,100,100,100,分类数/菜品数/招牌菜,招牌/海报/老板推荐/热销/进店必买,预订单/开发票/放心吃/准时宝,98.00%,100,7.7,100.00,4.5,4.4,4.9,4.6,4.7,3.7,0.2079,4.9,0.983,4.9,4.7,9.4
20260118,雪乡情铁锅炖（后海店）,8654929,广东省,深圳,南山区,22.11,59.00,1.00,0.00,37.89,28.42,0.00,2.91,60.00,26.78,1,26.78,37.92,9.50,6.56,26.78,26.78,562,34,0.0605,0.0294,523,27,0.0516,0.037,39,7,0.1795,0.0,958,46,低曝低转,低曝低转,低曝低转,1,1,0,0,0,0.0,75,30,95,0,100,100,0,76,2.3,95%,,--,100.0%,0%,3.8,100,100,60,分类数/菜品数/招牌菜,招牌/海报/老板推荐/进店必买,开发票/放心吃/准时宝,95.00%,0,3.6,100.00,3.8,3.9,3.5,3.8,3.8,3.1,0.1195,3.9,0.8333,3.1,5.0,0.0
20260114,雪乡情东北菜（登良店）,517971,广东省,深圳,南山区,6220.82,8929.40,328.00,0.00,3036.58,1328.91,1.29,101.68,9257.40,8269.98,129,64.11,1845.51,516.60,1604.70,8182.38,63.43,3983,454,0.114,0.2819,2746,255,0.0929,0.1098,1237,199,0.1609,0.5025,7485,611,高曝高转,高曝高转,高曝高转,128,28,100,1,0,0.0,92,92,96,0,100,90,0,94,6.9,96%,,--,90.0%,0%,4.7,100,100,60,分类数/菜品数/招牌菜,招牌/海报/老板推荐/进店必买,开发票/放心吃/准时宝,98.00%,98,8.4,100.00,4.7,4.6,4.8,4.7,4.8,4.2,0.2108,4.6,0.9435,5.0,4.9,4.07
20260112,雪乡情东北菜（登良店）,517971,广东省,深圳,南山区,8863.11,13636.70,533.00,0.00,5306.59,2344.61,1.99,507.82,14169.70,12375.49,199,62.19,2860.61,516.00,2452.17,12351.29,62.07,12370,940,0.076,0.2085,9875,631,0.0639,0.1125,2495,309,0.1238,0.4045,6276,596,高曝低转,高曝高转,高曝高转,196,71,125,7,0,0.0,90,92,96,0,100,75,0,94,6.9,96%,,--,75.0%,0%,4.7,100,100,60,分类数/菜品数/招牌菜,招牌/海报/老板推荐/进店必买,开发票/放心吃/准时宝,98.00%,98,8.4,100.00,4.7,4.6,4.8,4.7,4.8,4.3,0.2189,4.7,0.9655,5.0,4.9,4.09
20260117,雪乡情东北菜（车公庙店）,10268419,广东省,深圳,福田区,9664.72,15135.90,510.00,0.00,5981.18,3206.76,2.08,226.57,15645.90,11711.84,208,56.31,4976.56,1769.80,2545.77,11527.44,55.42,7444,710,0.0954,0.2831,5730,451,0.0787,0.1685,1714,259,0.1511,0.4826,15462,1048,高曝高转,高曝高转,高曝高转,201,76,125,2,0,0.0,96,90,97,0,100,100,0,92,6.8,97%,,--,100.0%,0%,4.6,100,100,100,分类数/菜品数/招牌菜,招牌/海报/老板推荐/进店必买,预订单/开发票/放心吃/准时宝,98.00%,98,7.6,100.00,4.6,4.5,4.7,4.6,4.7,3.8,0.2195,4.5,0.9398,5.0,5.0,3.08
20260116,雪乡情东北菜馆（皇庭广场店）,24557822,广东省,深圳,福田区,7320.94,12102.50,429.00,0.00,5210.56,2993.24,0.00,202.18,12531.50,9203.40,198,46.48,4559.54,1566.30,2015.14,9075.40,45.84,7511,676,0.09,0.284,5707,426,0.0746,0.1596,1804,250,0.1386,0.496,15936,1031,高曝高转,高曝高转,高曝高转,192,68,124,7,0,0.0,96,94,89,0,100,100,0,92,7.1,89%,,--,100.0%,0%,4.6,100,100,100,分类数/菜品数/招牌菜,招牌/海报/老板推荐/热销/进店必买,预订单/开发票/放心吃/准时宝,98.00%,100,7.7,100.00,4.5,4.4,4.8,4.7,4.7,3.7,0.2069,5.0,0.9914,4.6,4.7,8.0
20260115,雪乡情东北菜（马家龙店）,10254693,广东省,深圳,南山区,4903.72,8637.00,324.00,0.00,4057.28,2224.98,1.64,335.26,8961.00,6563.92,164,40.02,3579.08,1354.10,1495.40,6372.12,38.85,9742,677,0.0695,0.2349,7518,399,0.0531,0.1128,2224,278,0.125,0.4101,11625,785,高曝高转,高曝高转,高曝高转,159,45,114,2,0,0.0,97,100,93,0,100,100,0,90,7.5,93%,,--,100.0%,0%,4.5,100,100,100,分类数/菜品数/招牌菜,招牌/海报/老板推荐/进店必买,预订单/开发票/放心吃/准时宝,100.00%,100,8.3,100.00,4.6,4.5,4.8,4.7,4.7,3.8,0.2204,4.7,0.9597,5.0,4.8,6.81
20260116,雪乡情东北菜（蛇口店）,12367677,广东省,深圳,南山区,7614.47,12448.10,405.00,0.00,5238.63,2653.90,1.95,438.33,12853.10,9951.45,195,51.03,4228.30,1574.40,2144.45,9693.95,49.71,9971,703,0.0705,0.2703,7586,440,0.058,0.1364,2385,263,0.1103,0.4943,10977,717,高曝高转,高曝高转,高曝高转,190,60,130,3,0,0.0,96,90,95,0,100,100,0,92,6.8,95%,,--,100.0%,0%,4.6,100,100,100,分类数/菜品数/招牌菜,招牌/海报/老板推荐/进店必买,预订单/开发票/放心吃/准时宝,99.00%,100,8.3,100.00,4.6,4.4,5.0,4.6,4.7,3.9,0.2277,5.0,0.9947,5.0,4.6,11.05
20260116,雪乡情东北菜馆(壹方天地店),15784451,广东省,深圳,龙华区,6643.16,10279.90,374.00,0.00,4010.74,2113.33,1.41,84.45,10653.90,8352.00,141,59.23,3201.23,1087.90,1811.55,8352.00,59.23,5686,562,0.0988,0.2456,4124,318,0.0771,0.1635,1562,244,0.1562,0.3525,11879,853,高曝高转,高曝高转,高曝高转,138,52,86,5,0,0.0,94,94,88,0,100,93,0,86,7.1,88%,,--,93.1%,0%,4.3,100,100,100,分类数/菜品数/招牌菜,招牌/海报/老板推荐/热销/进店必买,预订单/开发票/放心吃/准时宝,98.00%,100,7.7,100.00,4.3,4.2,4.5,4.2,4.3,3.8,0.2152,4.8,0.9811,4.2,4.6,11.57
20260116,雪乡情东北菜（新洲店）,30085284,广东省,深圳市,福田区,4927.70,8345.90,307.00,0.00,3725.20,2106.52,0.00,226.13,8652.90,6325.44,139,45.51,3325.32,1218.80,1392.55,6142.64,44.19,8155,609,0.0747,0.2266,6869,432,0.0629,0.1528,1286,177,0.1376,0.4068,14458,762,高曝高转,高曝高转,高曝高转,138,66,72,6,0,0.0,97,100,99,0,100,100,0,88,7.8,99%,,--,100.0%,0%,4.4,100,100,100,分类数/菜品数/招牌菜,招牌/海报/老板推荐/热销/进店必买,预订单/开发票/放心吃/准时宝,99.00%,99,10.1,100.00,4.5,4.4,4.8,4.7,4.7,3.7,0.205,4.6,0.9473,5.0,4.4,15.43
20260113,雪乡情东北菜（新洲店）,30085284,广东省,深圳市,福田区,4114.25,7072.00,280.00,0.00,3237.75,1826.12,0.00,203.70,7352.00,5413.95,136,39.81,2885.22,1059.10,1207.93,5245.95,38.57,7804,583,0.0747,0.2247,6567,423,0.0644,0.1749,1237,160,0.1293,0.3562,13457,737,高曝高转,高曝高转,高曝高转,131,74,57,2,0,0.0,97,100,99,0,95,100,0,88,7.8,99%,,0.44%,100.0%,0%,4.4,100,100,100,分类数/菜品数/招牌菜,招牌/海报/老板推荐/热销/进店必买,预订单/开发票/放心吃/准时宝,99.00%,99,10.1,100.00,4.5,4.4,4.8,4.7,4.7,3.7,0.2075,4.6,0.9482,5.0,4.5,13.45
20260112,雪乡情东北菜馆（壹方城店）,27069424,广东省,深圳,宝安区,5678.68,9256.70,352.00,0.00,3930.02,2242.06,0.00,158.33,9608.70,7373.04,149,49.48,3316.26,1074.20,1529.63,7207.24,48.37,5692,571,0.1003,0.2522,4261,336,0.0789,0.1429,1431,235,0.1642,0.4085,11646,763,高曝高转,高曝高转,高曝高转,144,48,96,3,0,0.0,92,93,90,0,100,68,0,88,7.0,90%,,--,68.4%,0%,4.4,100,100,100,分类数/菜品数/招牌菜,招牌/海报/老板推荐/热销/进店必买,预订单/开发票/放心吃/准时宝,98.00%,100,7.5,100.00,4.4,4.2,4.6,4.5,4.6,3.7,0.2105,4.9,0.9896,4.4,4.2,20.15
20260116,雪乡情东北菜馆（大冲店）,25095097,广东省,深圳,南山区,7655.44,12274.40,440.00,0.00,5058.96,2885.47,0.00,86.80,12714.40,9355.13,200,46.78,4588.47,1703.00,2086.69,9135.73,45.68,8263,772,0.0934,0.2539,6304,468,0.0742,0.1581,1959,304,0.1552,0.4013,17396,1095,高曝高转,高曝高转,高曝高转,196,74,122,2,0,0.0,96,100,95,0,100,95,0,86,7.5,95%,,--,95.7%,0%,4.3,100,100,100,分类数/菜品数/招牌菜,招牌/海报/老板推荐/进店必买,预订单/开发票/放心吃/准时宝,89.00%,100,8.5,98.89,4.4,4.3,4.5,4.4,4.6,3.9,0.2222,4.2,0.8864,4.9,4.4,14.65
20260118,雪乡情东北菜馆（大冲店）,25095097,广东省,深圳,南山区,6019.74,9916.30,325.00,0.00,4221.56,2492.82,0.00,68.18,10241.30,7456.98,157,47.50,3842.42,1349.60,1660.56,7304.38,46.52,7435,707,0.0951,0.215,5818,455,0.0782,0.1275,1617,252,0.1558,0.373,15997,1031,高曝高转,高曝高转,高曝高转,152,58,94,2,0,0.0,96,100,95,0,100,95,0,86,7.5,95%,,--,95.5%,0%,4.3,100,100,100,分类数/菜品数/招牌菜,招牌/海报/老板推荐/进店必买,预订单/开发票/放心吃/准时宝,91.00%,100,8.5,100.00,4.3,4.2,4.5,4.4,4.6,3.8,0.2118,4.3,0.8905,4.8,4.3,17.5
20260116,雪乡情东北菜馆（壹方城店）,27069424,广东省,深圳,宝安区,6793.66,10951.30,389.00,0.00,4546.64,2463.84,0.00,196.27,11340.30,8587.96,168,51.12,3938.34,1474.50,1886.53,8381.16,49.89,6705,677,0.101,0.2437,5142,410,0.0797,0.139,1563,267,0.1708,0.4045,14163,972,高曝高转,高曝高转,高曝高转,165,57,108,4,0,0.0,94,93,90,0,100,88,0,88,7.0,90%,,--,88.9%,0%,4.4,100,100,100,分类数/菜品数/招牌菜,招牌/海报/老板推荐/热销/进店必买,预订单/开发票/放心吃/准时宝,98.00%,100,7.5,100.00,4.4,4.3,4.7,4.5,4.7,3.8,0.2148,4.9,0.9898,4.5,4.3,17.17
20260113,雪乡情东北菜馆（壹方城店）,27069424,广东省,深圳,宝安区,5619.73,8888.40,322.00,0.00,3590.67,1950.30,0.00,85.82,9210.40,7127.91,143,49.85,3183.19,1232.89,1554.55,6838.11,47.82,6018,588,0.0977,0.2364,4548,358,0.0787,0.1229,1470,230,0.1565,0.413,12927,848,高曝高转,高曝高转,高曝高转,139,44,95,3,0,0.0,93,93,90,0,100,83,0,88,7.0,90%,,--,83.3%,0%,4.4,100,100,100,分类数/菜品数/招牌菜,招牌/海报/老板推荐/热销/进店必买,预订单/开发票/放心吃/准时宝,97.00%,100,7.5,100.00,4.4,4.2,4.6,4.5,4.6,3.7,0.2076,4.9,0.9896,4.4,4.3,18.66
20260113,雪乡情东北菜馆（大冲店）,25095097,广东省,深圳,南山区,5970.53,9541.50,373.00,0.00,3943.97,2238.50,0.00,51.40,9914.50,7422.20,178,41.70,3498.50,1260.00,1654.07,7270.60,40.85,7858,750,0.0954,0.2293,5909,458,0.0775,0.1245,1949,292,0.1498,0.3938,16245,988,高曝高转,高曝高转,高曝高转,172,57,115,5,0,0.0,96,100,95,0,99,100,0,86,7.5,95%,,0.08%,100.0%,0%,4.3,100,100,100,分类数/菜品数/招牌菜,招牌/海报/老板推荐/进店必买,预订单/开发票/放心吃/准时宝,89.00%,100,8.5,98.89,4.3,4.3,4.3,4.4,4.6,3.8,0.2209,4.2,0.883,4.5,4.5,12.83
20260112,雪乡情东北菜（新洲店）,30085284,广东省,深圳市,福田区,3160.12,5735.90,230.00,0.00,2805.78,1664.44,0.00,204.63,5965.90,4252.28,113,37.63,2538.04,873.60,936.71,4039.28,35.75,7456,578,0.0775,0.192,6230,420,0.0674,0.1571,1226,158,0.1289,0.2848,13326,730,高曝高转,高曝高转,高曝高转,111,66,45,2,0,0.0,97,100,99,0,95,100,0,88,7.8,99%,,0.44%,100.0%,0%,4.4,100,100,100,分类数/菜品数/招牌菜,招牌/海报/老板推荐/热销/进店必买,预订单/开发票/放心吃/准时宝,99.00%,99,10.1,100.00,4.5,4.4,4.8,4.7,4.8,3.6,0.2049,4.6,0.9495,5.0,4.5,13.41
20260117,雪乡情东北菜馆（壹方城店）,27069424,广东省,深圳,宝安区,8312.35,13656.90,482.00,0.00,5826.55,3257.07,0.00,236.62,14138.90,10306.54,204,50.52,5099.57,1842.50,2332.86,10278.84,50.39,8994,883,0.0982,0.2174,7266,597,0.0822,0.1323,1728,286,0.1655,0.3951,20028,1346,高曝高转,高曝高转,高曝高转,192,79,113,17,0,0.0,94,93,90,0,100,88,0,88,7.0,90%,,--,88.9%,0%,4.4,100,100,100,分类数/菜品数/招牌菜,招牌/海报/老板推荐/热销/进店必买,预订单/开发票/放心吃/准时宝,98.00%,100,7.5,100.00,4.4,4.3,4.6,4.5,4.7,3.8,0.2152,4.9,0.9896,4.4,4.3,18.68
20260114,雪乡情东北菜馆（大冲店）,25095097,广东省,深圳,南山区,6454.69,10415.30,387.00,0.00,4347.61,2483.54,0.00,70.26,10802.30,8021.47,197,40.72,3991.44,1507.90,1793.81,7810.67,39.65,7717,763,0.0989,0.2556,5753,451,0.0784,0.1574,1964,312,0.1589,0.3974,16213,1085,高曝高转,高曝高转,高曝高转,195,71,124,2,0,0.0,96,100,95,0,99,100,0,86,7.5,95%,,0.08%,100.0%,0%,4.3,100,100,100,分类数/菜品数/招牌菜,招牌/海报/老板推荐/进店必买,预订单/开发票/放心吃/准时宝,89.00%,100,8.5,98.89,4.4,4.3,4.5,4.4,4.6,3.8,0.2183,4.2,0.886,4.8,4.5,12.93
20260117,雪乡情东北菜馆（大冲店）,25095097,广东省,深圳,南山区,8258.08,12933.20,416.00,0.00,5091.12,2890.93,0.00,74.55,13349.20,9902.17,183,54.11,4629.03,1738.10,2125.64,9692.77,52.97,7371,685,0.0929,0.2555,5818,456,0.0784,0.1557,1553,229,0.1475,0.4541,15647,974,高曝高转,高曝高转,高曝高转,175,71,104,4,0,0.0,96,100,95,0,100,95,0,86,7.5,95%,,--,95.7%,0%,4.3,100,100,100,分类数/菜品数/招牌菜,招牌/海报/老板推荐/进店必买,预订单/开发票/放心吃/准时宝,89.00%,100,8.5,98.89,4.3,4.2,4.5,4.4,4.6,3.8,0.2143,4.2,0.8884,4.8,4.3,17.46
20260114,雪乡情东北菜馆（壹方城店）,27069424,广东省,深圳,宝安区,5989.40,9486.10,322.00,0.00,3818.70,1974.75,0.00,174.95,9808.10,7729.85,144,53.68,3184.55,1209.80,1669.00,7474.05,51.90,6595,650,0.0986,0.2154,5079,408,0.0803,0.1275,1516,242,0.1596,0.3636,13181,889,高曝高转,高曝高转,高曝高转,140,52,88,7,0,0.0,94,93,90,0,100,88,0,88,7.0,90%,,--,88.9%,0%,4.4,100,100,100,分类数/菜品数/招牌菜,招牌/海报/老板推荐/热销/进店必买,预订单/开发票/放心吃/准时宝,97.00%,100,7.5,100.00,4.4,4.2,4.6,4.5,4.6,3.7,0.2108,4.9,0.9896,4.4,4.3,18.59
20260115,雪乡情东北菜（新洲店）,30085284,广东省,深圳市,福田区,3153.85,5664.80,220.00,0.00,2730.95,1597.68,0.00,195.53,5884.80,4150.57,110,37.73,2498.88,901.20,937.74,4032.37,36.66,7393,540,0.073,0.1944,6174,385,0.0624,0.1247,1219,155,0.1272,0.3677,12978,681,高曝低转,高曝高转,高曝高转,105,48,57,0,0,0.0,97,100,99,0,100,100,0,88,7.8,99%,,--,100.0%,0%,4.4,100,100,100,分类数/菜品数/招牌菜,招牌/海报/老板推荐/热销/进店必买,预订单/开发票/放心吃/准时宝,99.00%,99,10.1,100.00,4.5,4.4,4.8,4.7,4.7,3.7,0.2076,4.6,0.9469,5.0,4.4,15.36
20260117,雪乡情东北菜（新洲店）,30085284,广东省,深圳市,福田区,5049.53,8594.20,295.00,0.00,3839.67,2156.04,0.00,268.67,8889.20,6276.80,142,44.20,3671.34,1515.30,1414.96,5946.40,41.88,8087,604,0.0747,0.2268,6979,437,0.0626,0.1625,1108,167,0.1507,0.3952,15599,818,高曝高转,高曝高转,高曝高转,137,71,66,4,0,0.0,97,100,99,0,100,100,0,88,7.8,99%,,--,100.0%,0%,4.4,100,100,100,分类数/菜品数/招牌菜,招牌/海报/老板推荐/热销/进店必买,预订单/开发票/放心吃/准时宝,99.00%,99,10.1,100.00,4.4,4.3,4.8,4.7,4.7,3.7,0.2071,4.6,0.9464,5.0,4.1,22.7
20260115,雪乡情东北菜馆（大冲店）,25095097,广东省,深圳,南山区,5956.81,9618.60,331.00,0.00,3992.79,2310.36,0.00,40.41,9949.60,7351.50,173,42.49,3681.26,1370.90,1642.02,7155.10,41.36,7177,728,0.1014,0.2349,5305,421,0.0794,0.1781,1872,307,0.164,0.3127,15110,953,高曝高转,高曝高转,高曝高转,171,75,96,7,0,0.0,96,100,95,0,100,96,0,86,7.5,95%,,--,96.2%,0%,4.3,100,100,100,分类数/菜品数/招牌菜,招牌/海报/老板推荐/进店必买,预订单/开发票/放心吃/准时宝,89.00%,100,8.5,98.89,4.4,4.3,4.4,4.4,4.6,3.9,0.2229,4.2,0.8868,4.7,4.5,14.72
20260115,雪乡情东北菜馆（壹方城店）,27069424,广东省,深圳,宝安区,4993.81,8055.20,311.00,0.00,3372.39,1891.68,0.00,69.05,8366.20,6434.43,141,45.63,2989.18,1097.50,1411.66,6280.43,44.54,5899,571,0.0968,0.2382,4393,348,0.0792,0.1552,1506,223,0.1481,0.3677,12527,806,高曝高转,高曝高转,高曝高转,136,54,82,2,0,0.0,94,93,90,0,100,88,0,88,7.0,90%,,--,88.9%,0%,4.4,100,100,100,分类数/菜品数/招牌菜,招牌/海报/老板推荐/热销/进店必买,预订单/开发票/放心吃/准时宝,98.00%,100,7.5,100.00,4.4,4.3,4.6,4.5,4.7,3.8,0.2142,4.9,0.9898,4.4,4.3,18.79
20260112,雪乡情东北菜馆（大冲店）,25095097,广东省,深圳,南山区,5601.92,9377.10,352.00,0.00,4127.18,2440.45,0.00,75.52,9729.10,7164.33,183,39.15,3629.55,1189.10,1611.21,7031.73,38.42,7067,693,0.0981,0.2612,5214,407,0.0781,0.1794,1853,286,0.1543,0.3776,14439,994,高曝高转,高曝高转,高曝高转,181,73,108,7,0,0.0,96,100,95,0,99,96,0,86,7.5,95%,,0.08%,96.0%,0%,4.3,100,100,100,分类数/菜品数/招牌菜,招牌/海报/老板推荐/进店必买,预订单/开发票/放心吃/准时宝,90.00%,100,8.5,100.00,4.3,4.3,4.2,4.4,4.6,3.9,0.2226,4.1,0.8703,4.4,4.5,12.66
20260118,雪乡情东北菜（新洲店）,30085284,广东省,深圳市,福田区,6382.93,10584.90,376.00,0.00,4577.97,2596.76,0.00,213.49,10960.90,7895.14,167,47.28,4140.46,1543.70,1767.72,7670.34,45.93,8536,647,0.0758,0.2427,7282,459,0.063,0.1743,1254,188,0.1499,0.4096,16269,862,高曝高转,高曝高转,高曝高转,157,80,77,5,0,0.0,97,100,99,0,100,100,0,88,7.8,99%,,--,100.0%,0%,4.4,100,100,100,分类数/菜品数/招牌菜,招牌/海报/老板推荐/热销/进店必买,预订单/开发票/放心吃/准时宝,99.00%,99,10.1,100.00,4.4,4.3,4.8,4.7,4.7,3.7,0.2069,4.6,0.9454,5.0,4.1,22.77
20260114,雪乡情东北菜（新洲店）,30085284,广东省,深圳市,福田区,3601.67,6351.20,242.00,0.00,2991.53,1702.55,0.00,223.00,6593.20,4742.48,123,38.56,2647.14,944.59,1065.98,4636.08,37.69,7773,596,0.0767,0.2064,6506,423,0.065,0.1655,1267,173,0.1365,0.3064,14093,727,高曝高转,高曝高转,高曝高转,123,70,53,4,0,0.0,97,100,99,0,100,100,0,88,7.8,99%,,--,100.0%,0%,4.4,100,100,100,分类数/菜品数/招牌菜,招牌/海报/老板推荐/热销/进店必买,预订单/开发票/放心吃/准时宝,99.00%,99,10.1,100.00,4.5,4.3,4.8,4.7,4.7,3.7,0.2057,4.6,0.9487,5.0,4.4,15.24
20260118,雪乡情东北菜馆（壹方城店）,27069424,广东省,深圳,宝安区,8586.89,13573.10,476.00,0.00,5462.21,2967.76,0.00,130.83,14049.10,10737.28,196,54.78,4738.16,1770.40,2363.62,10530.48,53.73,9394,920,0.0979,0.2033,7549,616,0.0816,0.1315,1845,304,0.1648,0.3487,20706,1329,高曝高转,高曝高转,高曝高转,187,81,106,8,0,0.0,94,93,87,0,100,88,0,88,7.0,87%,,--,88.9%,0%,4.4,100,100,100,分类数/菜品数/招牌菜,招牌/海报/老板推荐/热销/进店必买,预订单/开发票/放心吃/准时宝,98.00%,100,7.5,100.00,4.4,4.3,4.6,4.6,4.7,3.7,0.2113,4.9,0.9897,4.4,4.3,18.82
